Company,Website,Address,Contact_number,Description
美国纽约安婴美月子中心,http://www.nyaym.com,"地址:  Queens,ny",电话:  9173763341,"


简单介绍 


月子中心位于纽约皇后区，环境舒适优雅，月子餐营养丰富，月嫂经验丰富具爱心，并有代办宝宝证件，欢迎国内外的准妈妈来电咨询！QQ：1628159663

"
美国孕产服务中心,http://www.crosseast.com,No address.,电话:  3476900368,"


简单介绍 


Cross East美国孕产服务中心, 提供全程美国生子服务, 让您轻松拥有一个美国宝宝, 有更高的起点, 更多的选择. 您将和在美正式注册的孕产类咨询服务商——Cross East直接合作, 正式法律合同条款详细, 权责分明, 受美国相关法律监管, 在美期间权益您将会有合法保障. 只要您拥有美国签证，其余一切就请交给我们. 中心有多年月子中心管理经验, 专心爱护宝宝.用心为每位美国待产妈咪们提供个人化丶细致的服务, 用心使妈咪们在舒适宁静的环境中待产及坐好月子.Email: crosseastusa@gmail.com

"
新纽约月子心,http://www.usanybaby.com/,"地址:  36-36 169 Street, Flushing, New York. 11355",电话:  1-917-678-9880 ， 1-917-678-9993,"


简单介绍 


我们坚持不断提升中心之服务质量。 在强调永续服务的理念下，对服务质量与居住环境等等严格把关。 新纽约月子中心周边超市林立，毗邻区内最大的两家公立医院--皇后区医院和法拉盛医院，是孕产妇选择待产或坐月子的不二之选。

"
纽约安然月子调养中心,http://www.usinfant.com,No address.,"电话:  6463096560, 3475421305","


简单介绍 


第一周食谱：调养目的：帮助污血排出，利水消肿，促进子宫收缩，恢复子宫的正常机能第二周食谱：调养目的：补肾壮腰，建脾和胃，促进新陈代谢和改善产后不适。第三，四食谱：调养目的：在于产后体力滋养，食补理气，强筋骨，预防老化剖腹产一周后喝生化汤，第一周的料理不加米酒。

"
纽约艺雅月子中心,http://www.nyyiya.com,"地址:  43-18 Main Street, Flushing, NY 11355",电话:  929 329 4312,"


简单介绍 


纽约艺雅代孕月子中心。 纽约法拉盛顶级豪华公寓，180度长岛曼哈顿美景。 专业的团队。 至上的服务，24小时门卫，安全舒适，方便快捷，旅游购物一条龙，科学营养饮食， 台式月子餐。 精通妈妈宝贝所有证件。 可私人订制，欢迎谘询。联系方式网址 www.nyyiya.com微信 Nyyiya666666电话 (001) 929 329 4312

"
越洋国际母婴护理中心,http://www.ocbabyusa.com,"地址:  Albertson, NY","电话:  5163125331, 5163129891","


简单介绍 


越洋国际母婴护理中心隶属于越洋国际股份有限公司Ocean Crossing Inc.,(以下简称OC), 2010年02月创立。公司依纽约州法律合法注册，是专为华人设立的专业母婴护理机构。总公司坐落于全球经济中心，北美最奢华的都市—纽约市。OC为想要赴美生子的妈妈提供详细全面的咨询，并绝对保证每一位顾客的隐私；对有美国宝贝梦想的妈妈提供全程安心，体贴的服务。 OC母婴护理中心位于Albertson NY，拥有纽约大都市中最安全，宁静的生活环境。主楼为隐逸在长岛海峡（Long Island Sound）北岸的奢华宅邸，百分之百美式建筑，雍容华贵，坐落大方，且充满异国风情，完全超越五星级标准的食宿环境。OC将依照“专业为本，服务至上”的原则，从您入境美国之日起，为您做好全程服务。OC为远行的妈妈和初生的宝贝提供完备的护理设施，齐全的家电设备，以及24小时的专业护理。让每一位顾客都能免于身处异国的忧虑并感到如家的惬意。 OC聘用专业的服务团队，提供最科学的护理知识，让您充分了解如何让宝宝健康茁壮的成长。OC营养师综合大陆与台湾的饮食配搭，让“月子餐”不仅营养且美味；对婴儿的饮食严格依照美国政府的标准，提供一系列美国名牌婴幼食品，让妈妈放心。 OC长期与纽约市最大的公立和私立医院合作，谢绝在私人诊所为顾客

越洋国际母婴护理中心隶属于越洋国际股份有限公司Ocean Crossing Inc.,(以下简称OC), 2010年02月创立。公司依纽约州法律合法注册，是专为华人设立的专业母婴护理机构。总公司坐落于全球经济中心，北美最奢华的都市—纽约市。OC为想要赴美生子的妈妈提供详细全面的咨询，并绝对保证每一位顾客的隐私；对有美国宝贝梦想的妈妈提供全程安心，体贴的服务。 OC母婴护理中心位于Albertson NY，拥有纽约大都市中最安全，宁静的生活环境。主楼为隐逸在长岛海峡（Long Island Sound）北岸的奢华宅邸，百分之百美式建筑，雍容华贵，坐落大方，且充满异国风情，完全超越五星级标准的食宿环境。OC将依照“专业为本，服务至上”的原则，从您入境美国之日起，为您做好全程服务。OC为远行的妈妈和初生的宝贝提供完备的护理设施，齐全的家电设备，以及24小时的专业护理。让每一位顾客都能免于身处异国的忧虑并感到如家的惬意。 OC聘用专业的服务团队，提供最科学的护理知识，让您充分了解如何让宝宝健康茁壮的成长。OC营养师综合大陆与台湾的饮食配搭，让“月子餐”不仅营养且美味；对婴儿的饮食严格依照美国政府的标准，提供一系列美国名牌婴幼食品，让妈妈放心。 OC长期与纽约市最大的公立和私立医院合作，谢绝在私人诊所为顾客生产，医院提供美籍和华裔医生，充分保障每一位妈妈的生产安全以及无障碍沟通。 从怀孕到生产，是每个妈妈都会一生难忘的美好时光。赴美生子不仅可以解决家庭在美的身份问题，更不失为最好的纪念方式。纽约州气温与中国相似，四季分明，交通便利，物资丰富，具有帝国之州（Empire State）之美誉，还是赴美生子的妈妈推荐的“最佳城市”。纽约市的旅游景观和购物中心更是数不胜数，从自由女神，华尔街金牛，大都会博物馆，到曼哈顿时代广场，勒克菲勒中心，布鲁克林大桥等等。OC欢迎您来纽约，您的到来将会改变孩子一生的命运。越洋国际母婴护理中心愿与您携手共同打造打造北美最权威的母婴护理服务中心。越洋国际，用微笑融化彼此的距离，用专业铸造沟通的桥梁。 
[ + 展开]
"
纽约月子中心-纽约美宝月子中心,https://nybabycare.com,"地址:  161st,Flushing, NY 11358","电话:  718-300-8933,646-331-6629","


简单介绍 


中心环境介绍：纽约美宝中心是纽约州政府合法注册十多年老店，金牌月嫂领班，24小时专业照看宝宝，每日科学营养五餐，待产丶月子丶联系医院医生丶速办宝宝回国手续一条龙服务。*地理位置*美宝中心坐落在纽约法拉盛市共有两栋，A栋位于高端住宅区，周边走路5-10分钟是纽约法拉胜最大的凯西纳公园，有大型的韩国购物街各种餐馆商店。B栋位于法拉胜中心，闹中取静，走路5-10分钟到达地铁，火车，缅街购物中心 ，25分钟地铁到达曼哈顿中心。*气候条件*纽约基本于中国北京处于同一纬度上，因此两地在气候上有许多相似之处，不担心会有气候差异产生不适感，纽约地处大西洋西海岸，受宜于墨西哥湾暖流北大西洋暖流的影响，气候温差小，温和湿润。* 配套生活设施健全*美宝中心两栋都距离主街非常近，周边配套设施十分完善，最多十分钟即可到达大型公园丶大型超市丶图书馆丶语言学校丶医院丶药房，幼儿园等等。生活非常方便，空闲之余逛逛商店，去图书馆坐坐，充分感受美国浪漫自由主义文化氛围。*住宿条件*中心所有住宿均选用纽约法拉盛全新豪华住宅，安全性高。所有装修丶布置均采用美国绿色环保材料，没有任何污染或不良气味，房间铺设高端实木地板避免了孕

中心环境介绍：纽约美宝中心是纽约州政府合法注册十多年老店，金牌月嫂领班，24小时专业照看宝宝，每日科学营养五餐，待产丶月子丶联系医院医生丶速办宝宝回国手续一条龙服务。*地理位置*美宝中心坐落在纽约法拉盛市共有两栋，A栋位于高端住宅区，周边走路5-10分钟是纽约法拉胜最大的凯西纳公园，有大型的韩国购物街各种餐馆商店。B栋位于法拉胜中心，闹中取静，走路5-10分钟到达地铁，火车，缅街购物中心 ，25分钟地铁到达曼哈顿中心。*气候条件*纽约基本于中国北京处于同一纬度上，因此两地在气候上有许多相似之处，不担心会有气候差异产生不适感，纽约地处大西洋西海岸，受宜于墨西哥湾暖流北大西洋暖流的影响，气候温差小，温和湿润。* 配套生活设施健全*美宝中心两栋都距离主街非常近，周边配套设施十分完善，最多十分钟即可到达大型公园丶大型超市丶图书馆丶语言学校丶医院丶药房，幼儿园等等。生活非常方便，空闲之余逛逛商店，去图书馆坐坐，充分感受美国浪漫自由主义文化氛围。*住宿条件*中心所有住宿均选用纽约法拉盛全新豪华住宅，安全性高。所有装修丶布置均采用美国绿色环保材料，没有任何污染或不良气味，房间铺设高端实木地板避免了孕妇滑倒等事情发生，保证孕妇和产妇的居住卫生丶安全。房间窗户宽大，宽敞通透，阳光充足，空气清新，住在里面心情舒畅。每套房间都配备全新的日常洗漱用品，如毛 巾丶浴巾丶拖鞋丶沐浴露丶洗发水等，均为美国品牌。除基本的设施外，还提供无线宽带上网丶房间内配备数码中文电视丶电话机（美国国内免费）等设施，充分满 足日常的娱乐以及与家人的联络需求。*卫生条件*中心负责每周打扫房间两次次，待产和月子期间，衣物洗涤可以委托中心免费机洗，宝宝衣物免费手洗；待产衣物自行清洗，床单可请工作人员每周清洗，月子期间可全部 交由中心工作人员负责；中心每周大清洁一次,每天清理各房卫浴及公共区域；婴儿床及奶瓶消毒器，均采医院制式标准设备，专业护理人员24小时轮班，以细 心丶爱心丶耐心照顾宝宝，免费提供奶粉丶尿片丶并精心挑选新生儿启蒙音乐持续播放。联系方式 ：电话：6463316629 7183008933 微信号：meiyinggao1983 , meibao1979 
[ + 展开]
"
福家月子中心,No website link.,No address.,电话:  3478285031,"


简单介绍 


福家月子中心宝贝呱呱落地，妈妈们最重要的一个月，理应享受到最贴心的呵护！本月子中心环境舒适，全新装修，拥有大小套房，单人房等十多个房间任您选择，阿姨们都拥有丰富的经验，特别是主班陈阿姨，拥有十多年的新生儿经验，完全能给您创造一个安心，放心，贴心的月子休养，本月子中心随时恭候您的光临预定我们的月子中心，您可以享受到以下的服务待遇：1. 宝宝和妈妈们24小时贴心呵护（新生儿每天洗澡，按摩，护理）；2. 营养月子餐，月子中心每天提供5餐（正餐3餐，点心2餐），24小时热水及补气补血茶，阿姨们会准点送到妈妈们的房间；3. 月子里总希望身边有家人的陪伴，本月子中心家属陪伴不另外收费，让您全程都能沉浸在幸福中；4. 我们的阿姨都经过严格培训，拥有丰富的新生儿经验，随时都能解答和传授妈妈们任何问题，确保妈妈们的角色转变，即便您毕业了也可以随时电话咨询阿姨任何不懂的问题；5. 本月子中心将免费提供专人陪同宝妈办理宝宝回国全套证件 (出生纸，护照，旅行证/签证，寄养委托书，出生纸认证等.) 6.法拉盛免费出车接驾2次，完全配合您的时间要求联系方式：Jason :347-828-5031 ， 917-775-3372微信： Lc599270079， 9177753372*

福家月子中心宝贝呱呱落地，妈妈们最重要的一个月，理应享受到最贴心的呵护！本月子中心环境舒适，全新装修，拥有大小套房，单人房等十多个房间任您选择，阿姨们都拥有丰富的经验，特别是主班陈阿姨，拥有十多年的新生儿经验，完全能给您创造一个安心，放心，贴心的月子休养，本月子中心随时恭候您的光临预定我们的月子中心，您可以享受到以下的服务待遇：1. 宝宝和妈妈们24小时贴心呵护（新生儿每天洗澡，按摩，护理）；2. 营养月子餐，月子中心每天提供5餐（正餐3餐，点心2餐），24小时热水及补气补血茶，阿姨们会准点送到妈妈们的房间；3. 月子里总希望身边有家人的陪伴，本月子中心家属陪伴不另外收费，让您全程都能沉浸在幸福中；4. 我们的阿姨都经过严格培训，拥有丰富的新生儿经验，随时都能解答和传授妈妈们任何问题，确保妈妈们的角色转变，即便您毕业了也可以随时电话咨询阿姨任何不懂的问题；5. 本月子中心将免费提供专人陪同宝妈办理宝宝回国全套证件 (出生纸，护照，旅行证/签证，寄养委托书，出生纸认证等.) 6.法拉盛免费出车接驾2次，完全配合您的时间要求联系方式：Jason :347-828-5031 ， 917-775-3372微信： Lc599270079， 9177753372*新环境，做口碑，活动期间订房有特别优惠宝妈比较多， 请各位宝妈提早预定！ 
[ + 展开]
"
纽约安吉月子中心,http://www.anjiyuezi.com,"地址:  114 Main St, Center Moriches, NY 11934","电话:  917-621-0979,917-582-7833","


简单介绍 


位于长岛苏福克郡的安吉母婴护理中心，成立于2004年，是纽约月子行业的领头人。安吉母婴护理人员善于处理多种突发状况，善于同妈妈和孩子配合，既能让妈妈休息好，又能让宝宝养成良好的习惯，帮助新手妈妈能轻松带好宝宝。安吉月子中心备有育婴，哺乳，安全分娩等众多专业书籍报刊，妈妈们可以随时取阅,彼此分享。安吉每月至少安排一次妈妈座谈，讨论及分享孕期及产后母婴话题。不定期安排育儿专家，营养师，中医师到月子中心，跟妈妈们一起分享经验。 安吉月子中心位于高端白人成熟社区，驱车3分钟可到达海滩内湾，步行5分钟就可到达湖景公园，是不可多得的休闲居所。购物环境便捷丰富，开车15分钟可到达纽约最大奥特莱斯名牌折扣区，10分钟可到达美国大众消费的百货商场，20分钟车程内的各样商家应有尽有，让待产妈妈和陪护亲属可以随时随处购买所需。作为旅游胜地的长岛，当然不乏有果园农场，水上乐园，骑马场，高尔夫球场等等好玩之处，尤其适合带着大宝来生小宝的妈妈们享受异国他乡的亲子时光。​我们对月子饮食的安排精细独到。安吉的食材多选自长岛当地的有机农场和有机超市，妈妈们的月子餐丰富多样，营养均衡，不但有杜仲腰花，滋补乌鸡汤，何首乌炖排骨，家养走地鸡等传统月子餐,还有各种如烤羊排

位于长岛苏福克郡的安吉母婴护理中心，成立于2004年，是纽约月子行业的领头人。安吉母婴护理人员善于处理多种突发状况，善于同妈妈和孩子配合，既能让妈妈休息好，又能让宝宝养成良好的习惯，帮助新手妈妈能轻松带好宝宝。安吉月子中心备有育婴，哺乳，安全分娩等众多专业书籍报刊，妈妈们可以随时取阅,彼此分享。安吉每月至少安排一次妈妈座谈，讨论及分享孕期及产后母婴话题。不定期安排育儿专家，营养师，中医师到月子中心，跟妈妈们一起分享经验。 安吉月子中心位于高端白人成熟社区，驱车3分钟可到达海滩内湾，步行5分钟就可到达湖景公园，是不可多得的休闲居所。购物环境便捷丰富，开车15分钟可到达纽约最大奥特莱斯名牌折扣区，10分钟可到达美国大众消费的百货商场，20分钟车程内的各样商家应有尽有，让待产妈妈和陪护亲属可以随时随处购买所需。作为旅游胜地的长岛，当然不乏有果园农场，水上乐园，骑马场，高尔夫球场等等好玩之处，尤其适合带着大宝来生小宝的妈妈们享受异国他乡的亲子时光。​我们对月子饮食的安排精细独到。安吉的食材多选自长岛当地的有机农场和有机超市，妈妈们的月子餐丰富多样，营养均衡，不但有杜仲腰花，滋补乌鸡汤，何首乌炖排骨，家养走地鸡等传统月子餐,还有各种如烤羊排,各种口味的上等牛肉,红烧鱼排，秘制三文鱼等私家拿手菜。我们接待过来自五湖四海的妈妈们，懂得体贴每个妈妈对饮食的需求。我们的月子餐，在“一排二调三补”的养身基础上，做到第一阶段解毒化淤，利水消肿，修复子宫机能，第二阶段促进新陈代谢，恢复体力，改善腰椎酸痛，恢复肾脏功能，强壮筋骨腰力，第三阶段补充营养，减少脂肪堆积，恢复身材，还会根据妈妈们的口味进行适当调整，以最大的诚意为月子妈妈安排餐点。 
[ + 展开]
"
纽约孕喜堂月子中心,No website link.,No address.,no phone number,"


简单介绍 


纽约孕喜堂月子中心在纽约皇后区拥有合法营业执照的经营机构，全程呵护关怀倍至，为来美待产的准妈妈提供一系列贴心的服务，以人性化丶科学化专业经营的月子中心。注重服务的品质和专业。专精新生儿丶产前及产后的优质护理。让您及宝宝在美国的家里住的舒心，也让远在国内的亲朋好友尽请放心。 *孕喜堂月子中心让您美梦成真 *只要您拥有美国签证，其余一切让我们来为您实现梦想 *不必迟疑，不必犹豫，心动不如行动，让一切不可能变成皆有可能 *善用金钱，让您花的每一分钱都能得到最好的回报 *多年经营且拥有丰富的管理经验 *呵护宝宝，爱护孕妇是我们服务的首要宗旨。 *用心为每位待产的妈妈提供完美亲切热心的服务　　孕喜堂月子中心位于美国纽约法拉盛高档华人住宅区丶室外空气清新丶闹中取静丶环境优雅丶交通便利丶15-30 分钟车程可到达长岛知名名牌大型商场5-10分钟车程可至大型公园丶图书馆丶邮局丶银行丶医院丶华人大型超市等，附近美食应有尽有，没有语言障碍，方便待产及做月子的准妈妈更快的适应环境。 孕喜堂月子中心位于纽约皇后区可西娜公园旁的新建豪宅，房屋格局清新雅致丶阳光充足丶干净卫生丶搭配全新家具，全木地板，均配有空

纽约孕喜堂月子中心在纽约皇后区拥有合法营业执照的经营机构，全程呵护关怀倍至，为来美待产的准妈妈提供一系列贴心的服务，以人性化丶科学化专业经营的月子中心。注重服务的品质和专业。专精新生儿丶产前及产后的优质护理。让您及宝宝在美国的家里住的舒心，也让远在国内的亲朋好友尽请放心。 *孕喜堂月子中心让您美梦成真 *只要您拥有美国签证，其余一切让我们来为您实现梦想 *不必迟疑，不必犹豫，心动不如行动，让一切不可能变成皆有可能 *善用金钱，让您花的每一分钱都能得到最好的回报 *多年经营且拥有丰富的管理经验 *呵护宝宝，爱护孕妇是我们服务的首要宗旨。 *用心为每位待产的妈妈提供完美亲切热心的服务　　孕喜堂月子中心位于美国纽约法拉盛高档华人住宅区丶室外空气清新丶闹中取静丶环境优雅丶交通便利丶15-30 分钟车程可到达长岛知名名牌大型商场5-10分钟车程可至大型公园丶图书馆丶邮局丶银行丶医院丶华人大型超市等，附近美食应有尽有，没有语言障碍，方便待产及做月子的准妈妈更快的适应环境。 孕喜堂月子中心位于纽约皇后区可西娜公园旁的新建豪宅，房屋格局清新雅致丶阳光充足丶干净卫生丶搭配全新家具，全木地板，均配有空调丶电视丶烤箱丶冰箱和WIFI 无线上网等，周边多所优等学校，高等学区，方便小孩儿临时就读。 
[ + 展开]
"
好韵来月子中心,http://www.syhaoyunlai.com,地址:  PARSONS FLUSHING NY,电话:  (718)690-8599 /950-403-032-40(中国免费直拨）,"


简单介绍 


好韵来月子中心，位于美国第一大都市纽约最大华人生活区-法拉盛，公司专注于为国内有识之士提供赴美生子的专业服务。公司赴美产子产业做到专业化,规范化,合法化！企业通过多年经营赴美产子经验，总结了一套健全完善的安全管理体系，让每个客户享受到五星级月子服务。本中心提供优美待产环境，科学调养月子餐，专业护士护理宝宝，让妈妈们更放心的待产，安心的坐月子，我们将提供更贴心的服务！纽约市位于美国东海岸，濒临大西洋，是美国最大的城市。纽约是世界文明的国际性大都会和金融贸易中心，交通便利，经济发达。联合国总部丶160个常驻外交使团和约90个外国领事馆设在这里。纽约是一个地地道道的移民城市。是妈妈们美国生产的首选之地！待产和坐月子期间，我们提供贴心的服务如下：●机场接送●外出购物●联络医生●体检接送●医院手续●宝宝出院●24小时育婴●婴儿护肤品●家属7天免费陪同●衣服清洗●宝宝证件●住院送餐●签证延期

"
美国金球至尊月子会所,No website link.,"地址:  5807 oceania st, bayside, 11364",no phone number,"


简单介绍 


停止运营

"
纽约美佳月子中心(近金城发超市),No website link.,"地址:  BOWNE ST, flushing, NY 11355",电话:  917-981-0603,"


简单介绍 


地点：法拉盛靠近金城发超市丶法拉盛医院电话：917-981-0603微信：NYC-MEIJIAl 待产服务包括：l 待产住宿+饮食: 每日营养三餐 午餐晚餐三菜一汤；每周购买水果（苹果 香蕉 加州橙或桔子） 牛奶一次。l 协助联系预约妇产科医生和医院。l 妈妈提供每周一次洗衣服务。​l 提供免费无限网络使用。l 住院期间医院提供三餐；因探访时间规定，我们会安排午餐和晚餐送餐服务（限法拉盛医院或皇后医院）。l 月子服务包括：l 产后月子住宿+饮食：每日提供营养月子餐一天五餐；早餐 午餐晚餐三菜一汤 下午三点加餐 晚上 9 点加餐。养肝茶和紫米糯米粥24 小时提供。l 24小时专业月嫂照看宝宝，月嫂12小时轮班制。月嫂宝宝比例约1：3。如需1：1服务，费用额外另算。l 提供宝宝用品：奶瓶蒸汽消毒器 品牌洗浴用品 加湿器 紫外线 消毒器 温度计 吸鼻器等，（其它用品需自备）。l 协助联系预约儿科医生。l 妈妈提供每周一次洗衣服务；宝宝衣物每日多次清洗。l 提供免费无限网络使用。l 可免费借用婴儿汽车座椅CAR SEAT使用。月子中心介绍: 近

地点：法拉盛靠近金城发超市丶法拉盛医院电话：917-981-0603微信：NYC-MEIJIAl 待产服务包括：l 待产住宿+饮食: 每日营养三餐 午餐晚餐三菜一汤；每周购买水果（苹果 香蕉 加州橙或桔子） 牛奶一次。l 协助联系预约妇产科医生和医院。l 妈妈提供每周一次洗衣服务。​l 提供免费无限网络使用。l 住院期间医院提供三餐；因探访时间规定，我们会安排午餐和晚餐送餐服务（限法拉盛医院或皇后医院）。l 月子服务包括：l 产后月子住宿+饮食：每日提供营养月子餐一天五餐；早餐 午餐晚餐三菜一汤 下午三点加餐 晚上 9 点加餐。养肝茶和紫米糯米粥24 小时提供。l 24小时专业月嫂照看宝宝，月嫂12小时轮班制。月嫂宝宝比例约1：3。如需1：1服务，费用额外另算。l 提供宝宝用品：奶瓶蒸汽消毒器 品牌洗浴用品 加湿器 紫外线 消毒器 温度计 吸鼻器等，（其它用品需自备）。l 协助联系预约儿科医生。l 妈妈提供每周一次洗衣服务；宝宝衣物每日多次清洗。l 提供免费无限网络使用。l 可免费借用婴儿汽车座椅CAR SEAT使用。月子中心介绍: 近纽约法拉盛皇后医院(新东云阁和新中美超市),政府合法注册,经营十年以上金牌老店,多名专业月嫂24小时轮班照看宝宝,提供正宗台式月子餐一日五餐,科学搭配,给您和宝宝提供一个完美的月子.•提供待产和月子服务.•可协助速办宝宝回国证件:出生纸丶护照丶旅行证或签证丶社会安全号码丶出生纸三级认证。•可协助办理医生预约单.•可协助联系医生医院，办理医院预定注册手续.•交通方便：近纽约法拉盛医院(金城发超市)，门口通公交汽车，离超市丶公园丶皇后医院分别步行5-15分钟；通公交汽车去往市中心图书馆丶皇后医院丶各大医生诊所丶7号地铁，大概车程10分钟。•周边购物：新中美超市等多家中国超市丶9毛9百货商店丶Bj's批发超市丶Target超市丶costco批发超市丶Food Plus美国食品超市丶Walgreen美国百货超市丶梅西百货丶Burlington丶Mashall丶Buybuybaby丶21世纪等。•周边饮食：新东云阁早茶海鲜酒楼，北港台菜，茶餐厅，南翔小笼包，西安肉夹馍，小肥羊火锅，外婆家，避风塘！ 超过一百家中国餐馆, 粤菜, 川菜, 潮州, 上海, 福州, 客家, 东北菜, 台湾, 韩国, 日本, 泰国，美国美食。•附近医院：法拉盛医院丶皇后医院。•附近妇产科医生M.D.（分别步行8-20分钟）：尹雪彬丶周业萍丶肖慧芳丶ERIC FOK丶谢智华丶李绮莉丶霍志翔等。•附近儿科医生：周文静丶曾凌凌丶徐榕丶李欣梅丶安健强丶陶文静等。•附近的学校和幼儿园：P.S20小学丶常春藤幼儿园丶红苹果幼儿园丶小博士幼儿园，学费约900-1200美金,费用会根据学校自制有变动。医生医院费用，仅供参考：医生4500美金；皇后医院自然生18000美金；剖腹产25000美金。医生4500美金；法拉盛医院自然生10000美金； 剖腹产12000美金；麻醉1200-1400美金。地点：法拉盛靠近金城发超市丶法拉盛医院电话：917-981-0603微信：NYC-MEIJIA 
[ + 展开]
"
纽约舒安月子中心,http://www.nyyuezi.com,No address.,电话:  718-873-6393,"


简单介绍 


舒安月子中心位于美国纽约皇后区北法拉盛高尚华人住宅区丶比邻公园丶环境优雅丶交通便利丶生活便利。远离了市中心的喧闹，但开车10-15分钟即可到超大美国知名购物中心丶高尔夫场丶棒球场丶博物馆丶大型公园丶图书馆丶医院丶华人大型超级市场等等。毗邻区内最大的两家公立医院--皇后区医院和法拉盛医院，医院有专门的华人医生，产妇可以享受世界上最好的医疗设备和医务服务，是孕产妇选择待产或坐月子的不二之选，使您没有语言障碍，方便妈妈们待产及做月子。

"
纽约华美月子中心,http://www.nyaym.com,No address.,电话:  917-981-8825,"


简单介绍 


让妈妈们享受贵宾般的待遇为待产以及产后妈妈提供专业营养配餐经验丰富的月嫂为您昼夜悉心呵护着宝宝

"
纽约天使宝贝月子中心,http://www.nyangelbaby.com,No address.,电话:  631-805-3737,"


简单介绍 


美国纽约总公司联系人：Maggie 张小姐联系电话：631-805-3737QQ/微信：2334260037中国联系人：张小姐联系电话：13775582333中国直拨美国免费电话：950-404-313-89中心环境介绍*地理位置*中心坐落在纽约法拉盛市中心，该处集中了全纽约最漂亮的风景，空气清新，环境幽雅，清晨傍晚时分漫步公园，绿地如茵，丛林掩映，树影婆娑，清风徐来，阳光沿小路跳跃洒下细碎温暖的光线，湖面波光粼粼，大自然的静美触手可及，一切仿佛置身画中。*气候条件*纽约基本于中国北京处于同一纬度上，因此两地在气候上有许多相似之处，不担心会有气候差异产生不适感，纽约地处大西洋西海岸，受宜于墨西哥湾暖流北大西洋暖流的影响，气候温差小，温和湿润。*交通便利*中心所处位置交通十分便利，法拉盛（华人中心地区）缅街，附近还有地铁搭乘去往曼哈顿五大道购物区。* 配套生活设施健全*中心距离主街非常近，周边配套设施十分完善，十分钟即可到达大型公园丶大型超市丶图书馆丶语言学校丶医院丶药房等，生活非常方便，空闲之余逛逛商店，去图书馆坐坐，充分感受美国浪漫自由主义文化氛围。*住宿条件*中心所有住宿均选用纽约法拉盛全新豪

美国纽约总公司联系人：Maggie 张小姐联系电话：631-805-3737QQ/微信：2334260037中国联系人：张小姐联系电话：13775582333中国直拨美国免费电话：950-404-313-89中心环境介绍*地理位置*中心坐落在纽约法拉盛市中心，该处集中了全纽约最漂亮的风景，空气清新，环境幽雅，清晨傍晚时分漫步公园，绿地如茵，丛林掩映，树影婆娑，清风徐来，阳光沿小路跳跃洒下细碎温暖的光线，湖面波光粼粼，大自然的静美触手可及，一切仿佛置身画中。*气候条件*纽约基本于中国北京处于同一纬度上，因此两地在气候上有许多相似之处，不担心会有气候差异产生不适感，纽约地处大西洋西海岸，受宜于墨西哥湾暖流北大西洋暖流的影响，气候温差小，温和湿润。*交通便利*中心所处位置交通十分便利，法拉盛（华人中心地区）缅街，附近还有地铁搭乘去往曼哈顿五大道购物区。* 配套生活设施健全*中心距离主街非常近，周边配套设施十分完善，十分钟即可到达大型公园丶大型超市丶图书馆丶语言学校丶医院丶药房等，生活非常方便，空闲之余逛逛商店，去图书馆坐坐，充分感受美国浪漫自由主义文化氛围。*住宿条件*中心所有住宿均选用纽约法拉盛全新豪华住宅，安全性高。所有装修丶布置均采用美国绿色环保材料，没有任何污染或不良气味，房间铺设地毯，避免了孕妇滑倒等 事情发生，保证孕妇和产妇的居住卫生丶安全。房间窗户宽大，宽敞通透，阳光充足，空气清新，住在里面心情舒畅。每套房间都配备全新的日常洗漱用品，如毛 巾丶浴巾丶拖鞋丶沐浴露丶洗发水等，均为美国品牌。除基本的设施外，还提供无线宽带上网丶房间内配备数码中文电视丶电话机（美国国内免费）等设施，充分满 足日常的娱乐以及与家人的联络需求。 *卫生条件*中心负责每周打扫房间一次，待产和月子期间，衣物洗涤可以委托中心免费机洗，宝宝衣物免费手洗；待产衣物自行清洗，床单可请工作人员清洗，月子期间可全部 交由中心工作人员负责；中心每周大清洁一次,每天清理各房卫浴及公共区域；婴儿床及奶瓶消毒器，均采医院制式标准设备，专业护理人员24小时轮班，以细 心丶爱心丶耐心照顾宝宝，免费提供奶粉丶尿片丶并精心挑选新生儿启蒙音乐持续播放。 
[ + 展开]
"
赴美产子-美国纽约月子中心,http://www.baobaous.com/,"地址:  Flushing, New York",电话:  1(917)426-4168,"


简单介绍 


让你的宝宝接受世界上最好的教育而不用花费任何的教育费,让你的宝宝足迹遍布世界而不用考虑签证的问题,让你的宝宝学有所成后可以毫无顾及地在世界任意一个城市工作,膝下儿女成双而不用害怕违反国内计划生育,将来退休时可以移民美国安享晚年.这不是梦想,赴美产子,即可实现.我们提供最合理的收费丶最舒适的环境，最安全的保障及最优质的服务让即将成为妈妈的您每天都有愉快的心情,开开心心的迎接宝宝的降临!使赴美生产成为一次美丽的假期.邮箱: usbabyny@gmail.comQQ: 2495444353美国电话: 1(917)426-4168

"
纽约美宝月子中心,http://www.nymeibao.net/,No address.,电话:  646-331-6629,"


简单介绍 


美国纽约公司负责人高小姐 Janet电话:646-331-6629QQ:113137948林先生 Mark电话:718-300-8933email:xia1926@hotmail.com

"
新泽西长河月子中心,http://www.yiliaousa.com,"地址:  199 Pierce St, Somerset, NJ 08873",电话:  609-755-4310 950-4034-5065（中国免费直拨）,"


简单介绍 


新泽西长河月子中心位于新泽西州中部，到纽约曼哈顿车程约45分钟。地处纽约和费城之间，周围华人人口众多，华人超市，餐馆林立，生活极其方便。长河月子中心位于高档社区，环境优美，安静，安全，近华人妇产科医生诊所和几家美国顶级医院，如St. Peter's，Robert Wood Johnson，JFK。中心提供一室一厅酒店公寓套间，吃住行全包，一对一，24小时月嫂服务，代办所有婴儿证件。为赴美生子的妈妈保驾护航。中美联合试管婴儿项目：长河赴美医疗联合中美两国卓越的医疗资源，向中国客人提供世界级全方位不孕不育医疗服务。专业从事整合中美辅助生殖医疗资源，提供全方位咨询与服务的生育健康管理机构。长河赴美医疗为国内客户提供便捷服务，帮助客户逾越地域丶文化丶语言丶环境的障碍，获取世界先进的医疗服务。长河赴美医疗与全美一流的纽约生殖医学中心（RMANY）丶新泽西生殖医疗中心（ RMANJ）丶及国内高端医疗机构建立战略合作伙伴关系。长河赴美医疗致力于构建生育医疗服务生态圈，提供从咨询服务丶生育健康管理丶专家诊断丶辅助生殖丶国际转诊丶国际地接丶赴美生子等一站式服务。详情请联系：609-755-4310950-4034-5065（中国免费直拨）www.yiliaousa.com

"
纽约亲情母婴月子中心,http://www.nyinfantmomcare.com,地址:  56-11 136ST Flushing NY11355,电话:  917-669-1133,"


简单介绍 


               亲情母婴月子会所                                                                                                                           政府合法注册重点护理母婴月子有专业育婴师24小时呵护您健康的宝宝                                                                                                                                                                               有经验多年月嫂辅助让妈妈更好休息更快的恢复 有高级月子营养师科学调配 给妈妈们度身定制营养均衡膳食进补              相信众多妈妈选择  正确坐月子 健康一辈子   全新设施顶级配备 婴儿房设有负离子空气净化，全能自动化新风环绕加湿器 ，婴儿冲奶专区妈妈房设有独立新风空气循环机顶级分体式冷暖红外线感应随着人体温度自动调节，无线上网，中文电视 ，  交通方便皇后医院对面缅街植物园旁 56 136ST Flushing 欢迎参观预定              917-669-1133 646-744-9888丶医院接送网址：nyinfantmomcare .com                                                                                                                                    

"
Tiffany产后温馨养身馆,No website link.,No address.,电话:  516-659-5866,"


简单介绍 


诚心丶爱心丶耐心丶暖心丶同理心是我们的服务宗旨睡好丶吃好丶宝宝照顾好是我们的基本承诺时时精进守业的技能丶刻刻铭记初创的热忱是我们的座右铭一处位于纽约长岛距离Flushing约20分钟车程，台式家庭的月子养身馆，环境清幽高尚的私人住宅别墅，为产后妈咪提供舒适不受打扰的休养环境，为维护服务品质本馆只推出二个房间服务产妇，同一时间最多只服务二位妈咪，月子房间宽敞丶乾净，每间都附有独立卫浴，让妈咪有如住在饭店般的舒适却有家的温馨与便利。欢迎准妈咪联络参观。订房状况: 预产期在2020年1月中旬以后尚有房间，欢迎准妈咪提早预约参观Line ID: nicetiffany_168WeChat ID: nicetiffany_168

"
安康月子中心,http://www.ankangbabyusa.com,"地址:  48-33 192St, Fresh Meadows, NY 11365",电话:  400-676-8023；899-111-0727,"


简单介绍 


欢迎来到安康月子中心！美国安康月子中心位于纽约高级别墅区，是由华人经营的，绝非中介！我们的团队将为您提供从签证准备至平安回国的全程服务，涵盖生活丶医疗及法律等各方面，一直以来，我们都是凭着真诚的心，做好每一件小事，让每一位入住的妈妈平安快乐。

"
纽约台式月子调养中心,http://www.usinfant.com,No address.,电话:  646 309 6560,"


简单介绍 


第一周食谱： 调养目的：帮助污血排出，利水消肿，促进子宫收缩，恢复子宫的正常机能第二周食谱： 调养目的：补肾壮腰，建脾和胃，促进新陈代谢和改善产后不适。第三，四食谱： 调养目的：在于产后体力滋养，食补理气，强筋骨，预防老化 剖腹产一周后喝生化汤，第一周的料理不加米酒。

"
纽约君宝月子中心,http://www.nyjunbao.com/,No address.,电话:  9175446980,"


简单介绍 


纽约君宝月子中心网，以人性化丶科学化专业经营的月子服务。负责人持有美国认证的专业育婴证书，注重服务的品质和专业。专精新生儿丶产前及产后的特别优质的护理。为您提供无微不至的关怀，创造静养丶调理丶舒适为一体的优雅环境，量身打造合理的营养膳食。我们本着“共筑健康，同享快乐” 的服务理念，为您的美好生活保驾护航。母婴的健康是我们至高无上的责任！ 纽约君宝月子中心网，装修高档典雅，清新宽敞，一人一房，根据妈妈的要求定期打扫房间，确保每位妈妈都拥有自己的私人空间。宝宝房，宽敞明亮，温馨可爱，专业护理人员24小时轮班，以细心丶爱心丶耐心照顾宝宝，白天我们为宝宝精心挑选新生儿启蒙音乐，为宝宝们的情商丶智商发育，垫定了扎实的基础，晚间的white noise，即大自然的涓涓流水，徐徐微风，及轻轻的虫鸣，能让宝宝更快更好的入睡，优质的睡眠有助于宝宝大脑的发育。我们的护理为宝宝提供了最佳的健康保障，让每一位生活在君宝的宝宝们赢在了人生的起跑线上！

"
萱苏月嫂服务中心,http://www.usamoonsister.com,"地址:  East Brunswick, NJ 08816",电话:  848-219-3667,"


简单介绍 


新泽西萱苏月嫂中心是经过政府注册的正规公司,是专门为孕产妇及婴儿提供全方位科学服务的服务中心。中心负责人持有美国认证的专业护理和育婴证书,以人为本的个性化丶科学护理的专业化就 是我们的服务目标。萱苏月嫂中心提供的新生儿丶孕妇产前及产妇产后的精心的护理,不仅能使产妇科学坐月子，更能使新生儿在智能丶体能方面得到全面的发展。亲爱的准妈妈,您们好!美国新泽西萱苏月嫂中心是位于新泽西的中部,中心提供习俗餐饮丶台湾式的月子餐料理,中心的负责人会与您电话联系,根据您的具体情况进行报价。 美国电话: 848-219-3667邮箱：usaxsys@gmail.com 网址：www.usamoonsister.com微信：Liuranran2813

"
安心月子,No website link.,地址:  119-40 metropolitan ave kew gardens ny11415,电话:  9173496655,"


简单介绍 


一对一月子服务，居住环境舒适，整洁。量身定制个人餐。

"
贝凯尔,No website link.,"地址:  45th st Union city,NJ 07087",电话:  646-683,"


简单介绍 


贝凯尔贝凯尔

"
美国纽约平安佳园月子中心,http://www.usajiayuan.com/,No address.,电话:  347-553-4968,"


简单介绍 


""平安佳园""座落于美国纽约法拉盛植物园附近，靠近纽约皇后医院丶法拉盛医院和艾姆赫斯医院，是一个独立的别墅。这里的住宿环境优雅丶安静，交通十分便利，驾车从肯尼迪机场到月子中心只需短短20分钟。这里靠近Main st.中心大街，步行购物方便。附近有多家大型华人超市和华人小吃街，还有几家大型名牌Mall和“Babyrus”着名婴儿商品商店，物美价廉。

"
新泽西好人月子中心-曼哈顿对岸,No website link.,"地址:  170 Ave E, Bayonne, NJ 07002",电话:  6093348684,"


简单介绍 


纽约对岸NJ贝永市。紧邻妇产医院。交通方便,20分钟轻轨直达曼哈顿唐人街。月嫂24小时照看。每天5餐专业厨师营养搭配。$120/天起。新年另有优惠。请电: 609-334-8684

"
纽约平安佳园月子中心,http://www.usajiayuan.com,"地址:  136 ST. FLUSHING, NY, 11367",电话:  347-634-3819,"


简单介绍 


纽约联系人鲁小姐:001-3476343819QQ:52663866E-MAIL:LEE_LU9898@HOTMAIL.COM关于我们:纽约平安佳园待产中心：地理位置:位于纽约最大华人中心—皇后区法拉盛,离市中心图书馆步行20分钟；离凯西娜公园丶大型华人超市和法拉盛医院分别步行5分钟，皇后医院步行15分钟。可通公交汽车Q17丶Q27丶Q25丶Q34。乘7号地铁30分钟可到曼哈顿中城-时代广场丶第五大道。环境介绍：待产中心是一栋独立的别墅，附近环境优美，交通方便，靠近法拉盛最大的自然公园凯西娜公园，只需步行五分钟。在那里的湖边可以看到野生天鹅丶鸳鸯丶海鸥丶乌龟和野鸭等。当您悠闲地坐在公园的长椅时，不时也会看到兔子丶松鼠和浣熊等野生动物也在安然处之的觅食。这里可钓鱼，并提供免费的篮球场丶网球场和收费的高尔夫球场。购物方便:待产中心附近有多家华人大型食品购物超市丶华人药房丶语言学校丶中国特色小吃城都可短途步行到达；离大型购物商场丶婴儿用品商店丶奶粉批发商场车程不过15分钟，让您不会因为来到异国他乡，而有任何的拘束感和语言障碍。纽约平安佳园月子中心:地理位置：纽约平安佳园月子中心是一家已经经营五年的纽约州

纽约联系人鲁小姐:001-3476343819QQ:52663866E-MAIL:LEE_LU9898@HOTMAIL.COM关于我们:纽约平安佳园待产中心：地理位置:位于纽约最大华人中心—皇后区法拉盛,离市中心图书馆步行20分钟；离凯西娜公园丶大型华人超市和法拉盛医院分别步行5分钟，皇后医院步行15分钟。可通公交汽车Q17丶Q27丶Q25丶Q34。乘7号地铁30分钟可到曼哈顿中城-时代广场丶第五大道。环境介绍：待产中心是一栋独立的别墅，附近环境优美，交通方便，靠近法拉盛最大的自然公园凯西娜公园，只需步行五分钟。在那里的湖边可以看到野生天鹅丶鸳鸯丶海鸥丶乌龟和野鸭等。当您悠闲地坐在公园的长椅时，不时也会看到兔子丶松鼠和浣熊等野生动物也在安然处之的觅食。这里可钓鱼，并提供免费的篮球场丶网球场和收费的高尔夫球场。购物方便:待产中心附近有多家华人大型食品购物超市丶华人药房丶语言学校丶中国特色小吃城都可短途步行到达；离大型购物商场丶婴儿用品商店丶奶粉批发商场车程不过15分钟，让您不会因为来到异国他乡，而有任何的拘束感和语言障碍。纽约平安佳园月子中心:地理位置：纽约平安佳园月子中心是一家已经经营五年的纽约州政府合法注册的月子中心.座落于纽约皇后区法拉盛，靠近纽约皇后医院丶法拉盛医院和艾姆赫斯医院，是一个独立的别墅。这里的住宿环境优雅丶安静，交通十分便利，通公交汽车Q44丶Q20a丶Q20b；驾车从肯尼迪机场到月子中心只需短短20分钟。服务团队：我们有一个专业服务团体，由专业厨师丶中国高级育婴师丶多名保姆阿姨丶清洁阿姨丶司机丶宝宝证件协办者等专业人士组成。保证您从入境后，不会走任何弯路即可完成—您和宝宝重要的人生经历，平安顺利回国。婴儿照护：我们提供24小时专业照看宝宝，每个阿姨都有照顾过百个宝宝的经验。月子中心根据每个宝宝不同的情况，提供多种品牌的护理用品。为了保证宝宝月子期间的卫生清洁，如尿不湿丶干/湿纸巾丶脐带清洁等用品全部都提供一次性的，即用即扔。月子中心还提供蒸汽高温奶瓶消毒器丶湿巾温热器等用品，给宝宝带来更多的保障。月子餐：月子中心聘用专业厨师，台湾正统月子餐饮结合科学的方式，为每位产妇精心调配月子餐料理，每日三餐丶午后甜点丶睡前一盅煲汤，采用新鲜活杀乌鸡土鸡河鱼，确保餐点品质。再配有月子中心24小时提供的纯天然特制月子水，帮助产妇排除恶露，补血补气，再次回复青春美丽的“你”。房间设施：为提供给住客舒适的休息环境，除了每周一次的室内清洁，屋内每个角落都可以高速上网，也可以免费拨打美国国内丶中国丶台湾丶香港等地的长途电话。每个房间及客厅均对外采光充足，中央空调暖气设备完善。休闲娱乐：附近交通方便，走路可到达教堂丶银行丶超市丶庙宇丶公园丶网球场丶篮球场丶足球场丶语言学校丶医院丶公交汽车站丶托儿所丶公立大高中小学校丶图书馆丶书局丶华人西人餐馆丶商场等。10分钟车程可到达大型购物中心丶高尔夫球场丶TARGET丶BJ’S丶COSTCO丶BABYRUS&TOYSRUS等。1小时30分钟可到达上州奥特莱斯或长岛72出口奥特莱斯。交通：专人接送产检丶购物丶住院生产丶往返机场丶协办证件等。 服务内容:中国离境前服务咨询	电话咨询，部分城市可预约上门咨询。为您提供项目介绍丶服务流程丶各类套餐的内容及价位的详细讲解。评估	我们会根据您的实际情况，为您制定一个适合您时间的套餐。签证辅导(额外收费)我们会协助没有签证的客户了解美国签证办理的基本流程，协助客户准备相关资料及面签时要注意的基本事项，做相应的培训。 美国入境后服务1.纽约机场接机。2.安排待产入住。每日营养三餐，牛奶丶水果（苹果丶香蕉丶加州甜橙）畅量供应。3.协助联系预约医院华人医生，安排正常产前检查。4.产前检查接送，每周一次。5.待产期间，由月子中心安排时间地点，每周外出游玩一次。6.协助安排住院生产，协助办理住院手续。提供并协助脐带血的信息和申请.7.住院期间，申请医院餐饮三餐，月子中心每天额外负责送餐两次。8.协助办理出院手续。9.安排月子入住，每日营养五餐，牛奶丶水果（苹果丶香蕉丶加州甜橙）畅量供应。10.24小时专业看护宝宝，提供宝宝全套基本用品。11.宝宝产后体检预约丶接送。12.妈妈产后体检预约丶接送。13.协助办理宝宝出生纸丶社会安全号丶护照和离境手续。14.妈妈丶宝宝入住期间衣物清洁。15.妈妈产后上州奥特莱斯游玩一次接送。16.纽约机场送机，平安回国！17.提供宝宝中国上户口居留旅行证通行证等咨询服务.费用--以美金为计算单位:月子中心费用约人民币 9300--15500 (依住的房型而有差异) 含：待产60天+月子30天，全部精致食宿丶出行丶休闲采购丶高额保险交通接送丶医院级婴儿照顾( 护理人员：婴儿照顾比=1:3) 丶专业调理月子餐。科学营养月子餐：　　　做月子是女性一生中最重要的生理转机。科学合理的月子餐，可以改善女性的体质，使女性拥有美丽健康的一生。平安佳园月子中心是由多名有经验的护理人员和月嫂，再加上一天五餐科学营养的月子餐饮，不论是宝宝还是妈妈都能得到健康全面的照顾。纽约联系人鲁小姐:001-3476343819QQ:52663866E-MAIL:LEE_LU9898@HOTMAIL.COM 
[ + 展开]
"
馨月月子护理,No website link.,地址:  Little Neck,电话:  917-327-4119,"


简单介绍 


馨月月子护理 - 位于纽约长岛与皇后区交界 （小径LittleNeck），远离了法拉盛的喧嚣，又可方便的来往于华人区。周边空气清新，环境幽静，社区安全，好校区，邻舍友善。馨月护理是家庭式的看护中心，新建独立别墅，房间宽敞明亮，阳光充足，干净整洁。 护理人员有专业护理经验及护理证书。这里为你提供健康可口的饮食，绝对让你有一种回到自己妈妈家的感觉和经历。详细信息咨询及图片：请致电+1-917-327-4119。微信加QQ号 邮箱：xinyue_2014@outlook.com QQ:865761174

"
家佳月子中心,No website link.,No address.,电话:  9172972336,"


简单介绍 


安静， 舒适， 有多年经验的月嫂为您和您的宝宝竭诚服务！

"
龙凤美宝月子中心,No website link.,No address.,电话:  9095725373,"


简单介绍 


中心主要提供赴美生子孕妇吃住，玩，产检，购物，办理宝宝证件一条龙服务！

"
纽约安婴美月子中心,http://www.nyaym.com,"地址:  170-46 Cedacroft Rd, Queens, NY 11432",电话:  7185816682,"


简单介绍 


安心丶放心丶称心我们的专业服务是你最满意的选择专业母婴呵护，轻松愉悦“坐月子""

"
jennifer 月子中心,No website link.,地址:  165th st flushing ny 11358,电话:  718-885-5573,"


简单介绍 


政府注册，环境优雅，房间舒适，设备齐全，亲切周到，免费接送。让您又回到娘家的感觉，欢迎来电咨询或参观访问。电话：917-563-5919手机：718-885-5573

"
美国金宝贝月子中心,No website link.,No address.,电话:  626-360-5541,"


简单介绍 


美国金宝贝月子中心，位于美国长岛环境优美别墅区，距离纽约市只需20分钟车程，附近有医疗设施齐全，宝妈产检全程接送。公司专注于为国内有识之士提供赴美生子的专业服务。同时欢迎美国当地纽约地区宝妈前来咨询。公司赴美产子产业做到专业化,规范化,合法化！企业通过多年经营赴美产子经验，总结了一套健全完善的安全管理体系，让每个客户享受到五星级月子服务。本中心提供优美待产环境，科学调养月子餐，专业护士护理宝宝，让妈妈们更放心的待产，安心的坐月子，我们将提供更贴心的服务！。宝妈们可以电话联系：626-360-5541 （国内请加拨001）或者微信咨询：pangxue1216待产和坐月子期间，我们提供贴心的服务如下：●机场接送●外出购物●联络医生●体检接送●医院手续●宝宝出院●24小时育婴●婴儿护肤品●家属7天免费陪同●衣服清洗●宝宝证件●住院送餐●签证延期

"
天使月子中心,No website link.,No address.,电话:  917-582-7833,No description.
纽约甜美月子中心,No website link.,No address.,电话:  3473638661,"


简单介绍 


纽约甜美月子中心是经认证的正规待产机构。环境优美，舒适安静！中心配备24小时专职月嫂，负责照顾母婴，并配备专车机场接送，宝宝出生相关手续的办理一条龙服务。联系方式：电话：3473793584 微信号:tianxinbaobaozhijia（或扫描图片中的二维码）

"
纽约金摇篮月子中心,http://NYJINYAOLAN.COM,"地址:  MAIN STREET, FLUSHING, NY 11354",电话:  917-915-0725,"


简单介绍 


美国纽约总公司联系人：陆先生联系电话：917-915-0725QQ：1152739468微信：lukai342224中国联系人：朱先生联系电话：13671700599中国直拨美国免费电话：950－404－51069纽约金摇篮月子中心位于纽约市皇后区，周边拥有众多大型超市及购物广场，月子中心坐落在绿树环绕，空气清新的华人社区。纽约金摇篮月子中心是经过美国政府正式注册认证的在纽约的月子中心。负责人持有美国认证的专业育婴证书，注重服务的品质和专业。专精新生儿丶产前及产后的特别护理。服务优质，全新的环境,舒适丶素雅的空间，备有各式房型，干净丶明亮丶整洁，让妈妈们享受贵宾般的待遇。本中心宝宝的护理人员专业且富有爱心，丰富经验的护理人员全天候24小时轮班，用心呵护你亲爱的宝宝，并每天详细纪录BABY的成长状况，喂奶的次数及量；大小便的次数和颜色；定时换尿布。婴儿室备有空气清洁设备，奶瓶均经过高温消毒，以确保卫生和安全。并采用医院制式标准之隔音玻璃，定时播放精心挑选的新生儿音乐。经营团队 公司已有七年的管理经营经验，对纽约当地环境丶华人医师群丶医院服务丶美国法律与生活上及生产丶待产等相关资讯，非常了解，您赴美后遇到的任

美国纽约总公司联系人：陆先生联系电话：917-915-0725QQ：1152739468微信：lukai342224中国联系人：朱先生联系电话：13671700599中国直拨美国免费电话：950－404－51069纽约金摇篮月子中心位于纽约市皇后区，周边拥有众多大型超市及购物广场，月子中心坐落在绿树环绕，空气清新的华人社区。纽约金摇篮月子中心是经过美国政府正式注册认证的在纽约的月子中心。负责人持有美国认证的专业育婴证书，注重服务的品质和专业。专精新生儿丶产前及产后的特别护理。服务优质，全新的环境,舒适丶素雅的空间，备有各式房型，干净丶明亮丶整洁，让妈妈们享受贵宾般的待遇。本中心宝宝的护理人员专业且富有爱心，丰富经验的护理人员全天候24小时轮班，用心呵护你亲爱的宝宝，并每天详细纪录BABY的成长状况，喂奶的次数及量；大小便的次数和颜色；定时换尿布。婴儿室备有空气清洁设备，奶瓶均经过高温消毒，以确保卫生和安全。并采用医院制式标准之隔音玻璃，定时播放精心挑选的新生儿音乐。经营团队 公司已有七年的管理经营经验，对纽约当地环境丶华人医师群丶医院服务丶美国法律与生活上及生产丶待产等相关资讯，非常了解，您赴美后遇到的任何疑难问题，都会由我司为你解决。我们在美国聘任的24小时专业母婴保健护理人员，精擅月子调理餐食的华侨厨师，擅长川菜丶粤菜丶淮扬菜的厨师团队，熟悉纽约风土人情的管理员帮助你在异国他乡自由购物丶旅游。 居住环境本中心均位于纽约皇后区的别墅区内环境优雅，，室内宽敞明亮,设有中央空调，庭园广阔，邻近语言学校丶高尔夫球场丶医院丶公园丶百货公司丶超市，购物便利，生活机能完善。如Target丶Home Depot丶Wal-Mart丶Costco等方便购物及散步。 婴儿护理 公司免费提供Enfamil 美赞臣奶粉丶美国帮宝适及好奇纸尿裤丶玻璃奶瓶丶新安怡宝宝专用奶嘴丶高质量全棉质衣裤等，妈妈皆无须事前费心准备。奶嘴丶奶瓶为专属使用且每日多次定时消毒，而宝宝衣物皆使用专用婴儿洗衣液柔软精洗涤。24小时专业保姆会观察与定时纪录宝宝的用奶量丶尿布更换时间丶初生儿体温检测丶初生儿黄疸紫光灯源等。育婴房为独立空间，室内光线温暖调和，设备齐全，也备有独立冷暖空调，且设有门禁管制，只有生产完之妈妈与家属可在规定时间内进入。待产与月子餐饮三餐定时足量供应，尤其注重饮食卫生，待产餐点早餐如牛奶丶面包丶中式稀饭丶蛋饼丶豆浆丶米浆丶西式三明治丶热狗面包等，晚餐菜色多为四菜一汤。做月子时，早上的餐点如麻油面线丶酒酿汤圆丶鲜鱼片粥丶姜丝煎蛋与四物汤等。避免冷性食物，主菜与待产时餐点不同的地方如增加猪肝丶腰子丶猪脚丶第一周生化汤丶第二周四物汤丶第三周之后八珍或麻油鸡汤等；月子餐点就是要吃营养的煲汤，帮助妈妈增加母乳量与调养气血，Baby house更准备猪脚花生丶木瓜排骨丶四神猪肚丶清炖鸡脚和鲜鱼汤等。Baby house也备有足量之水果丶牛奶丶果汁丶饼乾杂粮及甜点等，此外也不定期举办生日会丶宝宝满月会与一同外食。卫浴间与洗烘衣设备卫生间干湿分开，全新装潢。备有自助洗烘衣设备，而坐月子期间，妈妈的衣物皆由管家代为洗烘衣，让妈妈们可专注在产后之休养与调理，减轻不必要之劳动与负担。环境清洁公司特定聘请专业清洁公司，每周定期打扫清理住房内之地板丶床单丶卫浴设备丶窗户等。当然，您在这期间内有任何需要，也可以随时提出，公司都会适当地协助为您提供一整齐清洁之居住环境。休闲娱乐除室内视听设备丶无线上网丶书籍杂志等外；待产期间，公司提供每周一次的外出购物。值得一提的是，公司之交通车司机，皆为五年以上纽约驾龄的华裔司机，非常熟悉路况和法律法规，也可以和妈妈们在语言上便捷沟通。提供妈妈与宝宝及陪产家属一定程度之安全保障。 
[ + 展开]
"
极品月子餐 -纽约月子餐外送,https://xn--i8sp6y4r4b.com/,"地址:  142-21 37th Avenue, Flushing, NY 11354",电话:  646-919-8638,"


简单介绍 


纽约月子餐-极品提供纽约地区坐月子餐,手术后餐,荤素食坐月子餐,小产调理餐,纽约月子餐外送。请电646-919-8638来订纽约月子餐。结合港台之精华以一排二调三补,药膳养生,有机鲜食,用心做好月子餐。在纽约华人产妇大多数是请保姆或是去月子中心来坐月子， 可以这不是一个很好的办法。 因为去找个月子保姆，他们的任务是坐月子饭菜和照顾孩子。这样的话就会有很多的问题。 1.家里的卫生很难有保证， 因为保姆忙于做饭和看小孩。 2.保姆在家里做饭，油烟很大，并且在冬天还不能开窗子透气， 又怕把坐月子中的妻子冻到， 产生未来的月子病。 3. 花了一笔费用请个保姆，还是需要另外一笔费用去买食材。 这样的话，月子餐外送就是一个很好的解决办法。

"
台式月子中心,http://www.usinfant.com,地址:  42-10 164st flushing,电话:  中国18966856602 美国6463096560,"


简单介绍 


中心提供待产，月子服务，专精台式月子料理，以补血补气而不肥胖的月子药膳为疗养重点。欢迎同胞妈妈们来电咨询。电话 中国18966856602 美国6463096560。

"
好月子中心,No website link.,No address.,电话:  1-347-585-3339,"


简单介绍 


它座落于美国纽约法拉盛缅街附近，1分钟步行到纽约皇后医院诊所和王嘉联诊所，非常方便就诊。这里的住宿环境优雅丶安静，安全交通十分便利，3分钟走路到Main st.中心大街地铁7号线，步行购物方便。附近3分钟步行可到韩国蛋糕店，多家大型华人超市和华人小吃街，还有几家大型名牌Mall和“Babyrus”着名婴儿商品商店，物美价廉。驾车从肯尼迪机场到月子中心只需短短20分钟。 做月子是女性一生中最重要的生理转机。科学合理的做月子，可以改善女性的体质，使女性拥有美丽健康的一生。最好月子中心是月嫂一对一的照顾孕妇和孩子，你和孩子不再会碰上一个月嫂要照顾5-6个孩子，孕妇的现象，再加上一天五餐科学营养而且非常丰富的月子餐饮，你也不会再担心和十几个妈妈吃一只鸡的情况，不论是宝宝还是妈妈都能得到健康全面的照顾。除此之外，最好月子中心还拥有完整的美国待产服务，只要你带着随身物品，即可至美国生产。从出发前的准备事项，至美国待产丶医院生产丶产后坐月子，及宝宝证件离境手续，我们提供整套一条龙服务。让您轻轻松松，即可抱着美国宝宝平安回到中国政府合法注册高级育婴师主理24小时照看Baby专业月子餐，速办宝宝回国证件， 可产后托儿。联系电话：001-347-585-3339 苏小姐

"
今日启程,http://JIN RI QI CHENG USA INC,No address.,电话:  9095725373,"


简单介绍 


为国内赴美生子提供吃穿住玩办证一条龙服务

"
喜洋洋月子会所,http://www.anyingmei.com/,No address.,电话:  (917)-981-8825，(917)-981-8826,"


简单介绍 


纽约喜洋洋月子调养中心是纽约地区经过美国政府正式注册认证，以人性化丶科学化专业经营的月子中心，负责人持有美国认证的专业证书，注重服务的品质和专业。专精新生儿丶产前及产后的特别护理。服务优质，全新的环境舒适丶素雅的空间，备有各式房型，干净丶明亮丶整洁，让妈妈们享受贵宾般的待遇。我们不仅拥有专业的服务团队为您和宝宝提供24小时全方位服务；而且还有营养师负责为待产以及产后妈妈提供专业营养配餐，还有经验丰富的月嫂为您昼夜悉心呵护着宝宝。妈妈们在这里有更多时间来享受宝宝给你们带来的乐趣，学习养育宝宝的知识。而且在饮食丶生理丶精神等各方面都得到专业的护理，能够在最短的时间里恢复最佳状态。*专业母婴呵护，轻松愉悦“坐月子”**安心丶放心丶称心*

"
纽约月子中心,http://usacnbaby.com,"地址:  5601 Main Street, flushing, NY 11355",电话:  9295006884,"


简单介绍 


纽约月子中心是纽约地区经过美国政府正式注册认证，以人性化丶科学化专业经营的月子中心。负责人持有美国认证的专业育婴证书，注重服务的品质和专业。专精新生儿丶产前及产后的特别优质的护理。联系方式：周小姐/Jenny电话：+1-9295006884QQ：2207252439微信号1 ： usacnbabyEmail: usacnbaby@gmail.comhttp://usacnbaby.com

"
康之富营养膳食中心,No website link.,No address.,电话:  862-2546561,"


简单介绍 


在NJ 待产的产妇有福了，我是专业营养顾问，完全遵循庄淑旗博士坐月子标准，为您提供的服务1.养胎不容易，如果新手妈妈胡乱吃，小宝宝就失去在每个阶段应获得的营养，发育就会受影响。制作专业养胎餐，根据孕妇怀孕周期，调配孕妇营养均衡中药炖补汤养胎，控制孕妇体重顺产健康胎儿。2.到府服务迎合产妇个人口味，提供阶段性排毒，进补月子餐调整体质，保证产妇出月子即恢复身材并穿回怀孕前您心爱的衣服，专门催乳餐保证小宝宝吃饱喝足，养得又白又胖。3.每天帮产妇按摩，重新调整身材誏你产后更诱人。定期清理产妇头发身体，协助您舒服渡过难熬的月子。4.护理新生儿脐带及教新手妈妈如何正确哺乳。请电862-2546561email:Kangfood4u@gmail.com

"
